timestamp_utc,database,index_phase,cache_mode,query_id,run,elapsed_ms,result_rows,avg_cpu_percent,peak_ram_mb,avg_ram_mb,is_real
2026-08-30T17:13:40.274931+00:00,sqlserver,without_extra_indexes,warm,q01_product_by_id,1,1.2806249724235386,1,0.0,3865.6875,3865.6875,True
2026-08-30T17:13:40.276294+00:00,sqlserver,without_extra_indexes,warm,q01_product_by_id,2,0.9462090092711151,1,0.0,3865.6875,3865.6875,True
2026-08-30T17:13:40.277596+00:00,sqlserver,without_extra_indexes,warm,q01_product_by_id,3,0.9123329946305603,1,0.0,3865.6875,3865.6875,True
2026-08-30T17:13:40.278899+00:00,sqlserver,without_extra_indexes,warm,q01_product_by_id,4,0.9202079963870347,1,0.0,3865.6875,3865.6875,True
2026-08-30T17:13:40.280116+00:00,sqlserver,without_extra_indexes,warm,q01_product_by_id,5,0.8922910201363266,1,0.0,3865.6875,3865.6875,True
2026-08-30T17:13:40.281322+00:00,sqlserver,without_extra_indexes,warm,q01_product_by_id,6,0.9024580067489296,1,0.0,3865.6875,3865.6875,True
2026-08-30T17:13:40.282319+00:00,sqlserver,without_extra_indexes,warm,q01_product_by_id,7,0.7476250175386667,1,0.0,3865.6875,3865.6875,True
2026-08-30T17:13:40.283210+00:00,sqlserver,without_extra_indexes,warm,q01_product_by_id,8,0.6815000087954104,1,0.0,3865.6875,3865.6875,True
2026-08-30T17:13:40.284579+00:00,sqlserver,without_extra_indexes,warm,q01_product_by_id,9,1.019332994474098,1,0.0,3865.6875,3865.6875,True
2026-08-30T17:13:40.285959+00:00,sqlserver,without_extra_indexes,warm,q01_product_by_id,10,1.025000005029142,1,0.0,3865.6875,3865.6875,True
2026-08-30T17:13:40.323813+00:00,sqlserver,without_extra_indexes,warm,q02_product_name,1,3.6616669967770576,50,0.0,3865.6875,3865.6875,True
2026-08-30T17:13:40.326844+00:00,sqlserver,without_extra_indexes,warm,q02_product_name,2,2.7463340084068477,50,0.0,3865.6875,3865.6875,True
2026-08-30T17:13:40.330042+00:00,sqlserver,without_extra_indexes,warm,q02_product_name,3,2.925375010818243,50,0.0,3865.6875,3865.6875,True
2026-08-30T17:13:40.332952+00:00,sqlserver,without_extra_indexes,warm,q02_product_name,4,2.6651670050341636,50,0.0,3865.6875,3865.6875,True
2026-08-30T17:13:40.335786+00:00,sqlserver,without_extra_indexes,warm,q02_product_name,5,2.6306670042686164,50,0.0,3865.6875,3865.6875,True
2026-08-30T17:13:40.338679+00:00,sqlserver,without_extra_indexes,warm,q02_product_name,6,2.596250007627532,50,0.0,3865.6875,3865.6875,True
2026-08-30T17:13:40.342209+00:00,sqlserver,without_extra_indexes,warm,q02_product_name,7,3.170749987475574,50,0.0,3865.6875,3865.6875,True
2026-08-30T17:13:40.345818+00:00,sqlserver,without_extra_indexes,warm,q02_product_name,8,3.218917001504451,50,0.0,3865.6875,3865.6875,True
2026-08-30T17:13:40.349017+00:00,sqlserver,without_extra_indexes,warm,q02_product_name,9,2.8695839864667505,50,0.0,3865.6875,3865.6875,True
2026-08-30T17:13:40.352624+00:00,sqlserver,without_extra_indexes,warm,q02_product_name,10,3.3308749843854457,50,0.0,3865.6875,3865.6875,True
2026-08-30T17:13:40.375309+00:00,sqlserver,without_extra_indexes,warm,q03_products_by_category,1,2.335333003429696,200,0.0,3865.6875,3865.6875,True
2026-08-30T17:13:40.377434+00:00,sqlserver,without_extra_indexes,warm,q03_products_by_category,2,1.9002080080099404,200,0.0,3865.6875,3865.6875,True
2026-08-30T17:13:40.379579+00:00,sqlserver,without_extra_indexes,warm,q03_products_by_category,3,1.9649589958135039,200,0.0,3865.6875,3865.6875,True
2026-08-30T17:13:40.381798+00:00,sqlserver,without_extra_indexes,warm,q03_products_by_category,4,1.9928749825339764,200,0.0,3865.6875,3865.6875,True
2026-08-30T17:13:40.383890+00:00,sqlserver,without_extra_indexes,warm,q03_products_by_category,5,1.9123750098515302,200,0.0,3865.6875,3865.6875,True
2026-08-30T17:13:40.386033+00:00,sqlserver,without_extra_indexes,warm,q03_products_by_category,6,1.931000006152317,200,0.0,3865.6875,3865.6875,True
2026-08-30T17:13:40.388142+00:00,sqlserver,without_extra_indexes,warm,q03_products_by_category,7,1.923750009154901,200,0.0,3865.6875,3865.6875,True
2026-08-30T17:13:40.390203+00:00,sqlserver,without_extra_indexes,warm,q03_products_by_category,8,1.8783750128932297,200,0.0,3865.6875,3865.6875,True
2026-08-30T17:13:40.392608+00:00,sqlserver,without_extra_indexes,warm,q03_products_by_category,9,2.0950410107616335,200,0.0,3865.6875,3865.6875,True
2026-08-30T17:13:40.395351+00:00,sqlserver,without_extra_indexes,warm,q03_products_by_category,10,2.456166985211894,200,0.0,3865.6875,3865.6875,True
2026-08-30T17:13:40.497371+00:00,sqlserver,without_extra_indexes,warm,q04_orders_by_customer,1,7.0885419845581055,9,0.0,3865.6875,3865.6875,True
2026-08-30T17:13:40.504242+00:00,sqlserver,without_extra_indexes,warm,q04_orders_by_customer,2,6.488124985480681,9,0.0,3865.6875,3865.6875,True
2026-08-30T17:13:40.510998+00:00,sqlserver,without_extra_indexes,warm,q04_orders_by_customer,3,6.429083994589746,9,0.0,3865.6875,3865.6875,True
2026-08-30T17:13:40.517626+00:00,sqlserver,without_extra_indexes,warm,q04_orders_by_customer,4,6.285333016421646,9,0.0,3865.6875,3865.6875,True
2026-08-30T17:13:40.524781+00:00,sqlserver,without_extra_indexes,warm,q04_orders_by_customer,5,6.8178329966031015,9,0.0,3865.6875,3865.6875,True
2026-08-30T17:13:40.531387+00:00,sqlserver,without_extra_indexes,warm,q04_orders_by_customer,6,6.2097499903757125,9,0.0,3865.6875,3865.6875,True
2026-08-30T17:13:40.537950+00:00,sqlserver,without_extra_indexes,warm,q04_orders_by_customer,7,6.326792004983872,9,0.0,3865.6875,3865.6875,True
2026-08-30T17:13:40.544587+00:00,sqlserver,without_extra_indexes,warm,q04_orders_by_customer,8,6.332834018394351,9,0.0,3865.6875,3865.6875,True
2026-08-30T17:13:40.550983+00:00,sqlserver,without_extra_indexes,warm,q04_orders_by_customer,9,6.1544160125777125,9,0.0,3865.6875,3865.6875,True
2026-08-30T17:13:40.557514+00:00,sqlserver,without_extra_indexes,warm,q04_orders_by_customer,10,6.283458002144471,9,0.0,3865.6875,3865.6875,True
2026-08-30T17:13:41.006650+00:00,sqlserver,without_extra_indexes,warm,q05_complete_order,1,1.1186669871676713,3,0.0,3865.6875,3865.6875,True
2026-08-30T17:13:41.007709+00:00,sqlserver,without_extra_indexes,warm,q05_complete_order,2,0.8380409853998572,3,0.0,3865.6875,3865.6875,True
2026-08-30T17:13:41.008683+00:00,sqlserver,without_extra_indexes,warm,q05_complete_order,3,0.7775420090183616,3,0.0,3865.6875,3865.6875,True
2026-08-30T17:13:41.009625+00:00,sqlserver,without_extra_indexes,warm,q05_complete_order,4,0.7519999926444143,3,0.0,3865.6875,3865.6875,True
2026-08-30T17:13:41.010577+00:00,sqlserver,without_extra_indexes,warm,q05_complete_order,5,0.7881250057835132,3,0.0,3865.6875,3865.6875,True
2026-08-30T17:13:41.011467+00:00,sqlserver,without_extra_indexes,warm,q05_complete_order,6,0.7311660156119615,3,0.0,3865.6875,3865.6875,True
2026-08-30T17:13:41.012327+00:00,sqlserver,without_extra_indexes,warm,q05_complete_order,7,0.7063339871820062,3,0.0,3865.6875,3865.6875,True
2026-08-30T17:13:41.013276+00:00,sqlserver,without_extra_indexes,warm,q05_complete_order,8,0.7979999936651438,3,0.0,3865.6875,3865.6875,True
2026-08-30T17:13:41.014138+00:00,sqlserver,without_extra_indexes,warm,q05_complete_order,9,0.7200840045697987,3,0.0,3865.6875,3865.6875,True
2026-08-30T17:13:41.015013+00:00,sqlserver,without_extra_indexes,warm,q05_complete_order,10,0.7204170105978847,3,0.0,3865.6875,3865.6875,True
2026-08-30T17:13:41.158757+00:00,sqlserver,without_extra_indexes,warm,q06_total_sales,1,24.28795798914507,1,0.0,3868.890625,3868.08984375,True
2026-08-30T17:13:41.183122+00:00,sqlserver,without_extra_indexes,warm,q06_total_sales,2,23.924333014292642,1,0.0,3868.890625,3868.890625,True
2026-08-30T17:13:41.207303+00:00,sqlserver,without_extra_indexes,warm,q06_total_sales,3,23.780042014550418,1,0.0,3868.890625,3868.890625,True
2026-08-30T17:13:41.232874+00:00,sqlserver,without_extra_indexes,warm,q06_total_sales,4,25.132999988272786,1,0.0,3868.890625,3868.890625,True
2026-08-30T17:13:41.257537+00:00,sqlserver,without_extra_indexes,warm,q06_total_sales,5,24.330583022674546,1,28.957528957459544,3868.890625,3868.890625,True
2026-08-30T17:13:41.281847+00:00,sqlserver,without_extra_indexes,warm,q06_total_sales,6,23.82108400342986,1,25.00000002910383,3868.890625,3868.890625,True
2026-08-30T17:13:41.306065+00:00,sqlserver,without_extra_indexes,warm,q06_total_sales,7,23.785750003298745,1,0.0,3868.890625,3868.890625,True
2026-08-30T17:13:41.330668+00:00,sqlserver,without_extra_indexes,warm,q06_total_sales,8,24.28558300016448,1,0.0,3868.890625,3868.890625,True
2026-08-30T17:13:41.355239+00:00,sqlserver,without_extra_indexes,warm,q06_total_sales,9,24.12508401903324,1,0.0,3868.890625,3868.890625,True
2026-08-30T17:13:41.379795+00:00,sqlserver,without_extra_indexes,warm,q06_total_sales,10,24.081707990262657,1,0.0,3868.890625,3868.890625,True
2026-08-30T17:13:41.469354+00:00,sqlserver,without_extra_indexes,warm,q07_sales_date_range,1,20.391917001688853,1,0.0,3868.890625,3868.890625,True
2026-08-30T17:13:41.490186+00:00,sqlserver,without_extra_indexes,warm,q07_sales_date_range,2,20.28991701081395,1,0.0,3868.890625,3868.890625,True
2026-08-30T17:13:41.510877+00:00,sqlserver,without_extra_indexes,warm,q07_sales_date_range,3,20.214582997141406,1,0.0,3868.890625,3868.890625,True
2026-08-30T17:13:41.531291+00:00,sqlserver,without_extra_indexes,warm,q07_sales_date_range,4,20.085916999960318,1,0.0,3868.890625,3868.890625,True
2026-08-30T17:13:41.552433+00:00,sqlserver,without_extra_indexes,warm,q07_sales_date_range,5,20.786707988008857,1,0.0,3868.890625,3868.890625,True
2026-08-30T17:13:41.573691+00:00,sqlserver,without_extra_indexes,warm,q07_sales_date_range,6,20.886957994662225,1,0.0,3868.890625,3868.890625,True
2026-08-30T17:13:41.594414+00:00,sqlserver,without_extra_indexes,warm,q07_sales_date_range,7,20.259083015844226,1,0.0,3868.890625,3868.890625,True
2026-08-30T17:13:41.615298+00:00,sqlserver,without_extra_indexes,warm,q07_sales_date_range,8,20.35683300346136,1,0.0,3868.890625,3868.890625,True
2026-08-30T17:13:41.637278+00:00,sqlserver,without_extra_indexes,warm,q07_sales_date_range,9,21.24983398243785,1,0.0,3868.890625,3868.890625,True
2026-08-30T17:13:41.658001+00:00,sqlserver,without_extra_indexes,warm,q07_sales_date_range,10,20.315708010457456,1,0.0,3868.890625,3868.890625,True
2026-08-30T17:13:42.199240+00:00,sqlserver,without_extra_indexes,warm,q08_top_products,1,93.34595798281953,20,0.0,3868.890625,3864.5868055555557,True
2026-08-30T17:13:42.283825+00:00,sqlserver,without_extra_indexes,warm,q08_top_products,2,84.39362500212155,20,36.76286072703988,3861.0,3861.0,True
2026-08-30T17:13:42.328952+00:00,sqlserver,without_extra_indexes,warm,q08_top_products,3,44.79733400512487,20,73.68421051019179,3861.0,3861.0,True
2026-08-30T17:13:42.413232+00:00,sqlserver,without_extra_indexes,warm,q08_top_products,4,83.99650000501424,20,0.0,3861.0,3861.0,True
2026-08-30T17:13:42.505072+00:00,sqlserver,without_extra_indexes,warm,q08_top_products,5,91.50620800210163,20,0.0,3861.0,3861.0,True
2026-08-30T17:13:42.600184+00:00,sqlserver,without_extra_indexes,warm,q08_top_products,6,94.75820802617818,20,0.0,3861.0,3861.0,True
2026-08-30T17:13:42.703873+00:00,sqlserver,without_extra_indexes,warm,q08_top_products,7,103.06912500527687,20,0.0,3861.0,3861.0,True
2026-08-30T17:13:42.799739+00:00,sqlserver,without_extra_indexes,warm,q08_top_products,8,95.45933300978504,20,0.0,3861.0,3861.0,True
2026-08-30T17:13:42.886901+00:00,sqlserver,without_extra_indexes,warm,q08_top_products,9,86.75079100066796,20,0.0,3861.0,3861.0,True
2026-08-30T17:13:42.924820+00:00,sqlserver,without_extra_indexes,warm,q08_top_products,10,37.55979100242257,20,0.0,3861.0,3861.0,True
2026-08-30T17:13:43.111106+00:00,sqlserver,without_extra_indexes,warm,q09_sales_by_category,1,47.42479199194349,50,0.0,3861.0,3861.0,True
2026-08-30T17:13:43.202926+00:00,sqlserver,without_extra_indexes,warm,q09_sales_by_category,2,91.42904100008309,50,0.0,3861.0,3860.2552083333335,True
2026-08-30T17:13:43.296309+00:00,sqlserver,without_extra_indexes,warm,q09_sales_by_category,3,92.90691697970033,50,33.68146214233339,3859.453125,3859.2083333333335,True
2026-08-30T17:13:43.383674+00:00,sqlserver,without_extra_indexes,warm,q09_sales_by_category,4,86.9069590116851,50,32.39436619625935,3858.9375,3858.9375,True
2026-08-30T17:13:43.420090+00:00,sqlserver,without_extra_indexes,warm,q09_sales_by_category,5,36.123208003118634,50,62.06896548678791,3858.9375,3858.9375,True
2026-08-30T17:13:43.504371+00:00,sqlserver,without_extra_indexes,warm,q09_sales_by_category,6,84.00645799702033,50,35.82089552498141,3858.9375,3858.9375,True
2026-08-30T17:13:43.599556+00:00,sqlserver,without_extra_indexes,warm,q09_sales_by_category,7,94.92725000018254,50,26.315789489808218,3858.9375,3858.9375,True
2026-08-30T17:13:43.694124+00:00,sqlserver,without_extra_indexes,warm,q09_sales_by_category,8,94.196040998213,50,0.0,3858.9375,3858.9375,True
2026-08-30T17:13:43.788381+00:00,sqlserver,without_extra_indexes,warm,q09_sales_by_category,9,93.90162499039434,50,0.0,3858.9375,3858.9375,True
2026-08-30T17:13:43.826678+00:00,sqlserver,without_extra_indexes,warm,q09_sales_by_category,10,37.96987500390969,50,0.0,3858.9375,3858.9375,True
2026-08-30T17:13:43.906097+00:00,sqlserver,without_extra_indexes,warm,q10_average_order_value,1,47.46895900461823,1,0.0,3858.9375,3858.9375,True
2026-08-30T17:13:43.933097+00:00,sqlserver,without_extra_indexes,warm,q10_average_order_value,2,26.431666978169233,1,0.0,3858.9375,3858.9375,True
2026-08-30T17:13:43.959733+00:00,sqlserver,without_extra_indexes,warm,q10_average_order_value,3,26.1875829892233,1,0.0,3858.9375,3858.9375,True
2026-08-30T17:13:43.986569+00:00,sqlserver,without_extra_indexes,warm,q10_average_order_value,4,26.429375022416934,1,0.0,3858.9375,3858.9375,True
2026-08-30T17:13:44.013016+00:00,sqlserver,without_extra_indexes,warm,q10_average_order_value,5,25.951874995371327,1,0.0,3858.9375,3858.9375,True
2026-08-30T17:13:44.039296+00:00,sqlserver,without_extra_indexes,warm,q10_average_order_value,6,25.830375001532957,1,0.0,3858.9375,3858.9375,True
2026-08-30T17:13:44.065506+00:00,sqlserver,without_extra_indexes,warm,q10_average_order_value,7,25.760874996194616,1,0.0,3858.9375,3858.9375,True
2026-08-30T17:13:44.091922+00:00,sqlserver,without_extra_indexes,warm,q10_average_order_value,8,25.98091698018834,1,0.0,3858.9375,3858.9375,True
2026-08-30T17:13:44.118356+00:00,sqlserver,without_extra_indexes,warm,q10_average_order_value,9,25.883125024847686,1,0.0,3858.9375,3858.9375,True
2026-08-30T17:13:44.144721+00:00,sqlserver,without_extra_indexes,warm,q10_average_order_value,10,25.762459001271054,1,0.0,3858.9375,3858.9375,True
2026-08-30T17:13:44.216343+00:00,sqlserver,without_extra_indexes,warm,q11_orders_by_status,1,31.435500015504658,6,0.0,3853.078125,3853.0546875,True
2026-08-30T17:13:44.248356+00:00,sqlserver,without_extra_indexes,warm,q11_orders_by_status,2,31.466334010474384,6,0.0,3853.40625,3853.30859375,True
2026-08-30T17:13:44.280483+00:00,sqlserver,without_extra_indexes,warm,q11_orders_by_status,3,31.598915986251086,6,0.0,3853.40625,3853.40625,True
2026-08-30T17:13:44.312904+00:00,sqlserver,without_extra_indexes,warm,q11_orders_by_status,4,31.846041994867846,6,24.82394366078107,3853.40625,3853.40625,True
2026-08-30T17:13:44.344800+00:00,sqlserver,without_extra_indexes,warm,q11_orders_by_status,5,31.37970800162293,6,0.0,3853.40625,3853.40625,True
2026-08-30T17:13:44.376425+00:00,sqlserver,without_extra_indexes,warm,q11_orders_by_status,6,31.243000004906207,6,0.0,3853.40625,3853.40625,True
2026-08-30T17:13:44.408386+00:00,sqlserver,without_extra_indexes,warm,q11_orders_by_status,7,31.426208006450906,6,0.0,3853.40625,3853.40625,True
2026-08-30T17:13:44.440248+00:00,sqlserver,without_extra_indexes,warm,q11_orders_by_status,8,31.40508398064412,6,0.0,3853.40625,3853.40625,True
2026-08-30T17:13:44.471936+00:00,sqlserver,without_extra_indexes,warm,q11_orders_by_status,9,31.24470799230039,6,0.0,3853.40625,3853.40625,True
2026-08-30T17:13:44.504729+00:00,sqlserver,without_extra_indexes,warm,q11_orders_by_status,10,32.262499997159466,6,0.0,3853.40625,3853.40625,True
2026-08-30T17:13:44.638322+00:00,sqlserver,without_extra_indexes,warm,q12_top_customers,1,57.007041992619634,20,0.0,3853.40625,3853.40625,True
2026-08-30T17:13:44.692727+00:00,sqlserver,without_extra_indexes,warm,q12_top_customers,2,54.049208003561944,20,0.0,3853.40625,3853.40625,True
2026-08-30T17:13:44.746774+00:00,sqlserver,without_extra_indexes,warm,q12_top_customers,3,53.66849998245016,20,0.0,3853.40625,3853.40625,True
2026-08-30T17:13:44.800297+00:00,sqlserver,without_extra_indexes,warm,q12_top_customers,4,53.03716700291261,20,0.0,3853.40625,3853.40625,True
2026-08-30T17:13:44.853829+00:00,sqlserver,without_extra_indexes,warm,q12_top_customers,5,53.07895800797269,20,0.0,3853.40625,3853.40625,True
2026-08-30T17:13:44.906376+00:00,sqlserver,without_extra_indexes,warm,q12_top_customers,6,52.15762497391552,20,0.0,3853.40625,3853.40625,True
2026-08-30T17:13:44.959938+00:00,sqlserver,without_extra_indexes,warm,q12_top_customers,7,53.13050001859665,20,0.0,3853.40625,3853.40625,True
2026-08-30T17:13:45.013123+00:00,sqlserver,without_extra_indexes,warm,q12_top_customers,8,52.744167012861,20,0.0,3853.40625,3853.40625,True
2026-08-30T17:13:45.067326+00:00,sqlserver,without_extra_indexes,warm,q12_top_customers,9,53.761832998134196,20,0.0,3853.40625,3853.40625,True
2026-08-30T17:13:45.121358+00:00,sqlserver,without_extra_indexes,warm,q12_top_customers,10,53.5726250091102,20,0.0,3853.40625,3853.40625,True
2026-08-30T17:13:46.789730+00:00,sqlserver,without_extra_indexes,warm,q13_heavy_multi_join,1,562.2333330102265,100,35.49107143058995,3904.984375,3904.8671875,True
2026-08-30T17:13:47.295272+00:00,sqlserver,without_extra_indexes,warm,q13_heavy_multi_join,2,505.2565409860108,100,31.513647642923615,3904.984375,3903.5752180232557,True
2026-08-30T17:13:47.894791+00:00,sqlserver,without_extra_indexes,warm,q13_heavy_multi_join,3,599.1658340208232,100,30.526315788493342,3896.328125,3896.328125,True
2026-08-30T17:13:48.326217+00:00,sqlserver,without_extra_indexes,warm,q13_heavy_multi_join,4,430.98958299378864,100,37.068965518510275,3914.65625,3900.779560810811,True
2026-08-30T17:13:48.827513+00:00,sqlserver,without_extra_indexes,warm,q13_heavy_multi_join,5,500.88741700164974,100,33.08457711225233,3914.640625,3914.640625,True
2026-08-30T17:13:49.396277+00:00,sqlserver,without_extra_indexes,warm,q13_heavy_multi_join,6,568.2638750004116,100,29.01785714250912,3917.703125,3915.578125,True
2026-08-30T17:13:49.895935+00:00,sqlserver,without_extra_indexes,warm,q13_heavy_multi_join,7,499.2344589845743,100,31.50000000023283,3917.703125,3917.703125,True
2026-08-30T17:13:50.390893+00:00,sqlserver,without_extra_indexes,warm,q13_heavy_multi_join,8,494.5353750081267,100,33.75634518003474,3922.796875,3919.439630681818,True
2026-08-30T17:13:50.896698+00:00,sqlserver,without_extra_indexes,warm,q13_heavy_multi_join,9,505.36441698204726,100,35.32338308256007,3922.796875,3922.796875,True
2026-08-30T17:13:51.396031+00:00,sqlserver,without_extra_indexes,warm,q13_heavy_multi_join,10,498.78458300372586,100,32.00000000069849,3928.875,3924.7757994186045,True
2026-08-30T17:13:51.403956+00:00,sqlserver,without_extra_indexes,warm,q14_insert,1,7.387749996269122,1,33.333333333333336,3928.875,3928.875,True
2026-08-30T17:13:51.408144+00:00,sqlserver,without_extra_indexes,warm,q14_insert,2,1.5134580025915056,1,0.0,3928.875,3928.875,True
2026-08-30T17:13:51.410002+00:00,sqlserver,without_extra_indexes,warm,q14_insert,3,1.052292005624622,1,0.0,3928.875,3928.875,True
2026-08-30T17:13:51.412191+00:00,sqlserver,without_extra_indexes,warm,q14_insert,4,1.2347910087555647,1,0.0,3928.875,3928.875,True
2026-08-30T17:13:51.414442+00:00,sqlserver,without_extra_indexes,warm,q14_insert,5,1.2450840149540454,1,0.0,3928.875,3928.875,True
2026-08-30T17:13:51.416623+00:00,sqlserver,without_extra_indexes,warm,q14_insert,6,1.2157500023022294,1,0.0,3928.875,3928.875,True
2026-08-30T17:13:51.418767+00:00,sqlserver,without_extra_indexes,warm,q14_insert,7,1.1496250226628035,1,0.0,3928.875,3928.875,True
2026-08-30T17:13:51.420713+00:00,sqlserver,without_extra_indexes,warm,q14_insert,8,1.0299999848939478,1,0.0,3928.875,3928.875,True
2026-08-30T17:13:51.422741+00:00,sqlserver,without_extra_indexes,warm,q14_insert,9,1.1180829897057265,1,0.0,3928.875,3928.875,True
2026-08-30T17:13:51.424608+00:00,sqlserver,without_extra_indexes,warm,q14_insert,10,1.0215000074822456,1,0.0,3928.875,3928.875,True
2026-08-30T17:13:51.438863+00:00,sqlserver,without_extra_indexes,warm,q15_update,1,13.466124975821003,1,0.0,3928.875,3928.875,True
2026-08-30T17:13:51.441211+00:00,sqlserver,without_extra_indexes,warm,q15_update,2,0.983458012342453,1,0.0,3928.875,3928.875,True
2026-08-30T17:13:51.442772+00:00,sqlserver,without_extra_indexes,warm,q15_update,3,0.9251250012312084,1,0.0,3928.875,3928.875,True
2026-08-30T17:13:51.444291+00:00,sqlserver,without_extra_indexes,warm,q15_update,4,0.8648330112919211,1,0.0,3928.875,3928.875,True
2026-08-30T17:13:51.445967+00:00,sqlserver,without_extra_indexes,warm,q15_update,5,0.9293340262956917,1,0.0,3928.875,3928.875,True
2026-08-30T17:13:51.447809+00:00,sqlserver,without_extra_indexes,warm,q15_update,6,0.9665410034358501,1,0.0,3928.875,3928.875,True
2026-08-30T17:13:51.449919+00:00,sqlserver,without_extra_indexes,warm,q15_update,7,1.2927920033689588,1,0.0,3928.875,3928.875,True
2026-08-30T17:13:51.451623+00:00,sqlserver,without_extra_indexes,warm,q15_update,8,0.8782499935477972,1,0.0,3928.875,3928.875,True
2026-08-30T17:13:51.453273+00:00,sqlserver,without_extra_indexes,warm,q15_update,9,0.8583749877288938,1,0.0,3928.875,3928.875,True
2026-08-30T17:13:51.454862+00:00,sqlserver,without_extra_indexes,warm,q15_update,10,0.8288329991046339,1,0.0,3928.875,3928.875,True
2026-08-30T17:13:51.480449+00:00,sqlserver,without_extra_indexes,warm,q16_delete,1,23.74249999411404,1,0.0,3928.875,3928.875,True
2026-08-30T17:13:51.498998+00:00,sqlserver,without_extra_indexes,warm,q16_delete,2,16.31604100111872,1,0.0,3928.875,3928.875,True
2026-08-30T17:13:51.516819+00:00,sqlserver,without_extra_indexes,warm,q16_delete,3,15.844875015318394,1,0.0,3928.875,3928.875,True
2026-08-30T17:13:51.534734+00:00,sqlserver,without_extra_indexes,warm,q16_delete,4,15.995791007298976,1,0.0,3928.875,3928.875,True
2026-08-30T17:13:51.552263+00:00,sqlserver,without_extra_indexes,warm,q16_delete,5,15.75024999328889,1,0.0,3928.875,3928.875,True
2026-08-30T17:13:51.570008+00:00,sqlserver,without_extra_indexes,warm,q16_delete,6,16.02637500036508,1,0.0,3928.875,3928.875,True
2026-08-30T17:13:51.588373+00:00,sqlserver,without_extra_indexes,warm,q16_delete,7,16.490165988216177,1,0.0,3928.875,3928.875,True
2026-08-30T17:13:51.606873+00:00,sqlserver,without_extra_indexes,warm,q16_delete,8,16.513541020685807,1,0.0,3928.875,3928.875,True
2026-08-30T17:13:51.625427+00:00,sqlserver,without_extra_indexes,warm,q16_delete,9,16.031292005209252,1,0.0,3928.875,3928.875,True
2026-08-30T17:13:51.643350+00:00,sqlserver,without_extra_indexes,warm,q16_delete,10,15.870874980464578,1,0.0,3928.875,3928.875,True
2026-08-30T17:13:52.613064+00:00,sqlserver,with_indexes,warm,q01_product_by_id,1,0.9510839881841093,1,100.0,3933.0,3932.96875,True
2026-08-30T17:13:52.614196+00:00,sqlserver,with_indexes,warm,q01_product_by_id,2,0.8801659860182554,1,0.0,3933.03125,3933.0,True
2026-08-30T17:13:52.615074+00:00,sqlserver,with_indexes,warm,q01_product_by_id,3,0.7110410078894347,1,0.0,3933.046875,3933.0234375,True
2026-08-30T17:13:52.615964+00:00,sqlserver,with_indexes,warm,q01_product_by_id,4,0.7143749971874058,1,0.0,3933.015625,3933.015625,True
2026-08-30T17:13:52.616910+00:00,sqlserver,with_indexes,warm,q01_product_by_id,5,0.767707999330014,1,0.0,3933.015625,3933.015625,True
2026-08-30T17:13:52.617784+00:00,sqlserver,with_indexes,warm,q01_product_by_id,6,0.6996250012889504,1,0.0,3933.015625,3933.015625,True
2026-08-30T17:13:52.618792+00:00,sqlserver,with_indexes,warm,q01_product_by_id,7,0.773874984588474,1,0.0,3933.015625,3933.015625,True
2026-08-30T17:13:52.619857+00:00,sqlserver,with_indexes,warm,q01_product_by_id,8,0.8204170153476298,1,0.0,3933.015625,3933.015625,True
2026-08-30T17:13:52.620829+00:00,sqlserver,with_indexes,warm,q01_product_by_id,9,0.714167021214962,1,0.0,3933.015625,3933.015625,True
2026-08-30T17:13:52.621698+00:00,sqlserver,with_indexes,warm,q01_product_by_id,10,0.6770000036340207,1,0.0,3933.015625,3933.015625,True
2026-08-30T17:13:52.629710+00:00,sqlserver,with_indexes,warm,q02_product_name,1,1.5693339810241014,50,0.0,3933.015625,3933.015625,True
2026-08-30T17:13:52.631816+00:00,sqlserver,with_indexes,warm,q02_product_name,2,1.7213750106748194,50,0.0,3933.015625,3933.015625,True
2026-08-30T17:13:52.633839+00:00,sqlserver,with_indexes,warm,q02_product_name,3,1.6801249876152724,50,0.0,3933.015625,3933.015625,True
2026-08-30T17:13:52.635599+00:00,sqlserver,with_indexes,warm,q02_product_name,4,1.4728749811183661,50,0.0,3933.015625,3933.015625,True
2026-08-30T17:13:52.637376+00:00,sqlserver,with_indexes,warm,q02_product_name,5,1.514875009888783,50,0.0,3933.015625,3933.015625,True
2026-08-30T17:13:52.638833+00:00,sqlserver,with_indexes,warm,q02_product_name,6,1.2402909924276173,50,0.0,3933.015625,3933.015625,True
2026-08-30T17:13:52.640263+00:00,sqlserver,with_indexes,warm,q02_product_name,7,1.260249991901219,50,0.0,3933.015625,3933.015625,True
2026-08-30T17:13:52.641767+00:00,sqlserver,with_indexes,warm,q02_product_name,8,1.2642079964280128,50,0.0,3933.015625,3933.015625,True
2026-08-30T17:13:52.643530+00:00,sqlserver,with_indexes,warm,q02_product_name,9,1.491625007474795,50,0.0,3933.015625,3933.015625,True
2026-08-30T17:13:52.645059+00:00,sqlserver,with_indexes,warm,q02_product_name,10,1.295082998694852,50,0.0,3933.015625,3933.015625,True
2026-08-30T17:13:52.655853+00:00,sqlserver,with_indexes,warm,q03_products_by_category,1,3.400666988454759,200,0.0,3933.015625,3933.015625,True
2026-08-30T17:13:52.658572+00:00,sqlserver,with_indexes,warm,q03_products_by_category,2,2.3388749978039414,200,0.0,3933.015625,3933.015625,True
2026-08-30T17:13:52.661270+00:00,sqlserver,with_indexes,warm,q03_products_by_category,3,2.38341698423028,200,0.0,3933.015625,3933.015625,True
2026-08-30T17:13:52.663511+00:00,sqlserver,with_indexes,warm,q03_products_by_category,4,1.9846250070258975,200,0.0,3933.015625,3933.015625,True
2026-08-30T17:13:52.665891+00:00,sqlserver,with_indexes,warm,q03_products_by_category,5,2.1136249997653067,200,0.0,3933.015625,3933.015625,True
2026-08-30T17:13:52.668667+00:00,sqlserver,with_indexes,warm,q03_products_by_category,6,2.5118339981418103,200,0.0,3933.015625,3933.015625,True
2026-08-30T17:13:52.670900+00:00,sqlserver,with_indexes,warm,q03_products_by_category,7,2.00433301506564,200,0.0,3933.015625,3933.015625,True
2026-08-30T17:13:52.673218+00:00,sqlserver,with_indexes,warm,q03_products_by_category,8,2.031999989412725,200,0.0,3933.015625,3933.015625,True
2026-08-30T17:13:52.675902+00:00,sqlserver,with_indexes,warm,q03_products_by_category,9,2.359959005843848,200,0.0,3933.015625,3933.015625,True
2026-08-30T17:13:52.679102+00:00,sqlserver,with_indexes,warm,q03_products_by_category,10,2.906542009441182,200,0.0,3933.015625,3933.015625,True
2026-08-30T17:13:52.685798+00:00,sqlserver,with_indexes,warm,q04_orders_by_customer,1,1.318666007136926,9,0.0,3933.015625,3933.015625,True
2026-08-30T17:13:52.687385+00:00,sqlserver,with_indexes,warm,q04_orders_by_customer,2,1.1144590098410845,9,0.0,3933.015625,3933.015625,True
2026-08-30T17:13:52.689033+00:00,sqlserver,with_indexes,warm,q04_orders_by_customer,3,1.2190419947728515,9,0.0,3933.015625,3933.015625,True
2026-08-30T17:13:52.690111+00:00,sqlserver,with_indexes,warm,q04_orders_by_customer,4,0.8049579919315875,9,0.0,3933.015625,3933.015625,True
2026-08-30T17:13:52.691119+00:00,sqlserver,with_indexes,warm,q04_orders_by_customer,5,0.8078330138232559,9,0.0,3933.015625,3933.015625,True
2026-08-30T17:13:52.692090+00:00,sqlserver,with_indexes,warm,q04_orders_by_customer,6,0.7960000075399876,9,0.0,3933.015625,3933.015625,True
2026-08-30T17:13:52.693125+00:00,sqlserver,with_indexes,warm,q04_orders_by_customer,7,0.7799160084687173,9,0.0,3933.015625,3933.015625,True
2026-08-30T17:13:52.694506+00:00,sqlserver,with_indexes,warm,q04_orders_by_customer,8,1.0451250127516687,9,0.0,3933.015625,3933.015625,True
2026-08-30T17:13:52.695845+00:00,sqlserver,with_indexes,warm,q04_orders_by_customer,9,0.9950000094249845,9,0.0,3933.015625,3933.015625,True
2026-08-30T17:13:52.697264+00:00,sqlserver,with_indexes,warm,q04_orders_by_customer,10,1.072790997568518,9,0.0,3933.015625,3933.015625,True
2026-08-30T17:13:52.709806+00:00,sqlserver,with_indexes,warm,q05_complete_order,1,1.088832999812439,3,0.0,3933.015625,3933.015625,True
2026-08-30T17:13:52.710883+00:00,sqlserver,with_indexes,warm,q05_complete_order,2,0.8645000052638352,3,0.0,3933.015625,3933.015625,True
2026-08-30T17:13:52.711932+00:00,sqlserver,with_indexes,warm,q05_complete_order,3,0.8374580065719783,3,0.0,3933.015625,3933.015625,True
2026-08-30T17:13:52.712942+00:00,sqlserver,with_indexes,warm,q05_complete_order,4,0.8290830010082573,3,0.0,3933.015625,3933.015625,True
2026-08-30T17:13:52.713954+00:00,sqlserver,with_indexes,warm,q05_complete_order,5,0.8507500169798732,3,0.0,3933.015625,3933.015625,True
2026-08-30T17:13:52.715193+00:00,sqlserver,with_indexes,warm,q05_complete_order,6,1.065165997715667,3,0.0,3933.015625,3933.015625,True
2026-08-30T17:13:52.716107+00:00,sqlserver,with_indexes,warm,q05_complete_order,7,0.7545420085079968,3,0.0,3933.015625,3933.015625,True
2026-08-30T17:13:52.717355+00:00,sqlserver,with_indexes,warm,q05_complete_order,8,1.0270420170854777,3,0.0,3933.015625,3933.015625,True
2026-08-30T17:13:52.718754+00:00,sqlserver,with_indexes,warm,q05_complete_order,9,1.0676250094547868,3,0.0,3933.015625,3933.015625,True
2026-08-30T17:13:52.720203+00:00,sqlserver,with_indexes,warm,q05_complete_order,10,1.1057090014219284,3,0.0,3933.015625,3933.015625,True
2026-08-30T17:13:52.773524+00:00,sqlserver,with_indexes,warm,q06_total_sales,1,23.752042005071416,1,0.0,3933.015625,3933.015625,True
2026-08-30T17:13:52.797627+00:00,sqlserver,with_indexes,warm,q06_total_sales,2,23.63820801838301,1,0.0,3933.015625,3933.015625,True
2026-08-30T17:13:52.821503+00:00,sqlserver,with_indexes,warm,q06_total_sales,3,23.440916993422434,1,0.0,3933.015625,3933.015625,True
2026-08-30T17:13:52.845253+00:00,sqlserver,with_indexes,warm,q06_total_sales,4,23.36158399702981,1,0.0,3933.015625,3933.015625,True
2026-08-30T17:13:52.869158+00:00,sqlserver,with_indexes,warm,q06_total_sales,5,23.514000000432134,1,0.0,3933.015625,3933.015625,True
2026-08-30T17:13:52.893215+00:00,sqlserver,with_indexes,warm,q06_total_sales,6,23.475541995139793,1,0.0,3933.015625,3933.015625,True
2026-08-30T17:13:52.917547+00:00,sqlserver,with_indexes,warm,q06_total_sales,7,23.661375016672537,1,0.0,3933.015625,3933.015625,True
2026-08-30T17:13:52.941454+00:00,sqlserver,with_indexes,warm,q06_total_sales,8,23.422750004101545,1,0.0,3933.015625,3933.015625,True
2026-08-30T17:13:52.965256+00:00,sqlserver,with_indexes,warm,q06_total_sales,9,23.34099999279715,1,0.0,3933.015625,3933.015625,True
2026-08-30T17:13:52.989140+00:00,sqlserver,with_indexes,warm,q06_total_sales,10,23.474166984669864,1,0.0,3933.015625,3933.015625,True
2026-08-30T17:13:53.014033+00:00,sqlserver,with_indexes,warm,q07_sales_date_range,1,9.228624985553324,1,0.0,3933.015625,3933.015625,True
2026-08-30T17:13:53.023012+00:00,sqlserver,with_indexes,warm,q07_sales_date_range,2,8.683583000674844,1,0.0,3933.015625,3933.015625,True
2026-08-30T17:13:53.031864+00:00,sqlserver,with_indexes,warm,q07_sales_date_range,3,8.574625011533499,1,0.0,3933.015625,3933.015625,True
2026-08-30T17:13:53.040980+00:00,sqlserver,with_indexes,warm,q07_sales_date_range,4,8.752249996177852,1,0.0,3933.015625,3933.015625,True
2026-08-30T17:13:53.050054+00:00,sqlserver,with_indexes,warm,q07_sales_date_range,5,8.650542004033923,1,0.0,3933.015625,3933.015625,True
2026-08-30T17:13:53.059134+00:00,sqlserver,with_indexes,warm,q07_sales_date_range,6,8.692583010997623,1,0.0,3933.015625,3933.015625,True
2026-08-30T17:13:53.068506+00:00,sqlserver,with_indexes,warm,q07_sales_date_range,7,8.893333986634389,1,0.0,3933.015625,3933.015625,True
2026-08-30T17:13:53.077770+00:00,sqlserver,with_indexes,warm,q07_sales_date_range,8,8.781125012319535,1,0.0,3933.015625,3933.015625,True
2026-08-30T17:13:53.086801+00:00,sqlserver,with_indexes,warm,q07_sales_date_range,9,8.602791000157595,1,0.0,3933.015625,3933.015625,True
2026-08-30T17:13:53.096086+00:00,sqlserver,with_indexes,warm,q07_sales_date_range,10,8.953290991485119,1,0.0,3933.015625,3933.015625,True
2026-08-30T17:13:53.211766+00:00,sqlserver,with_indexes,warm,q08_top_products,1,50.27462501311675,20,0.0,3933.015625,3933.015625,True
2026-08-30T17:13:53.299358+00:00,sqlserver,with_indexes,warm,q08_top_products,2,87.27912500035018,20,0.0,3933.015625,3933.015625,True
2026-08-30T17:13:53.398187+00:00,sqlserver,with_indexes,warm,q08_top_products,3,98.4953329898417,20,0.0,3933.015625,3933.015625,True
2026-08-30T17:13:53.486529+00:00,sqlserver,with_indexes,warm,q08_top_products,4,88.00904199597426,20,0.0,3933.015625,3933.015625,True
2026-08-30T17:13:53.527496+00:00,sqlserver,with_indexes,warm,q08_top_products,5,40.65249999985099,20,0.0,3933.015625,3933.015625,True
2026-08-30T17:13:53.599107+00:00,sqlserver,with_indexes,warm,q08_top_products,6,71.24316599220037,20,0.0,3933.015625,3933.015625,True
2026-08-30T17:13:53.699103+00:00,sqlserver,with_indexes,warm,q08_top_products,7,99.58583299885504,20,28.604651162047755,3933.015625,3930.728125,True
2026-08-30T17:13:53.794172+00:00,sqlserver,with_indexes,warm,q08_top_products,8,94.73929100204259,20,31.081081078955165,3930.15625,3930.15625,True
2026-08-30T17:13:53.831091+00:00,sqlserver,with_indexes,warm,q08_top_products,9,36.606375011615455,20,58.620689702236874,3930.15625,3930.15625,True
2026-08-30T17:13:53.918751+00:00,sqlserver,with_indexes,warm,q08_top_products,10,87.3315829958301,20,0.0,3930.15625,3930.15625,True
2026-08-30T17:13:54.086488+00:00,sqlserver,with_indexes,warm,q09_sales_by_category,1,80.19429200794548,50,0.0,3930.15625,3930.15625,True
2026-08-30T17:13:54.116600+00:00,sqlserver,with_indexes,warm,q09_sales_by_category,2,29.747250024229288,50,0.0,3930.15625,3930.15625,True
2026-08-30T17:13:54.194683+00:00,sqlserver,with_indexes,warm,q09_sales_by_category,3,77.75241599301808,50,0.0,3930.15625,3930.15625,True
2026-08-30T17:13:54.282325+00:00,sqlserver,with_indexes,warm,q09_sales_by_category,4,87.32554200105369,50,0.0,3930.15625,3930.15625,True
2026-08-30T17:13:54.317160+00:00,sqlserver,with_indexes,warm,q09_sales_by_category,5,34.548375027952716,50,0.0,3930.15625,3930.15625,True
2026-08-30T17:13:54.394526+00:00,sqlserver,with_indexes,warm,q09_sales_by_category,6,76.9834999809973,50,0.0,3930.15625,3930.15625,True
2026-08-30T17:13:54.486516+00:00,sqlserver,with_indexes,warm,q09_sales_by_category,7,91.62004198879004,50,0.0,3930.15625,3930.15625,True
2026-08-30T17:13:54.536679+00:00,sqlserver,with_indexes,warm,q09_sales_by_category,8,49.81612501433119,50,0.0,3930.15625,3930.15625,True
2026-08-30T17:13:54.597600+00:00,sqlserver,with_indexes,warm,q09_sales_by_category,9,60.5940830137115,50,0.0,3930.15625,3930.15625,True
2026-08-30T17:13:54.689701+00:00,sqlserver,with_indexes,warm,q09_sales_by_category,10,91.66045801248401,50,0.0,3930.734375,3930.534722222222,True
2026-08-30T17:13:54.754139+00:00,sqlserver,with_indexes,warm,q10_average_order_value,1,26.51883297949098,1,20.833333353544326,3930.796875,3930.7890625,True
2026-08-30T17:13:54.780349+00:00,sqlserver,with_indexes,warm,q10_average_order_value,2,25.699874997371808,1,16.666666666666664,3930.796875,3930.796875,True
2026-08-30T17:13:54.806241+00:00,sqlserver,with_indexes,warm,q10_average_order_value,3,25.490750005701557,1,0.0,3930.796875,3930.796875,True
2026-08-30T17:13:54.832141+00:00,sqlserver,with_indexes,warm,q10_average_order_value,4,25.544332980643958,1,0.0,3930.796875,3930.796875,True
2026-08-30T17:13:54.858074+00:00,sqlserver,with_indexes,warm,q10_average_order_value,5,25.44779100571759,1,0.0,3930.796875,3930.796875,True
2026-08-30T17:13:54.883966+00:00,sqlserver,with_indexes,warm,q10_average_order_value,6,25.45849999296479,1,0.0,3930.796875,3930.796875,True
2026-08-30T17:13:54.909823+00:00,sqlserver,with_indexes,warm,q10_average_order_value,7,25.476082984823734,1,0.0,3930.796875,3930.796875,True
2026-08-30T17:13:54.935684+00:00,sqlserver,with_indexes,warm,q10_average_order_value,8,25.486874976195395,1,0.0,3930.796875,3930.796875,True
2026-08-30T17:13:54.961562+00:00,sqlserver,with_indexes,warm,q10_average_order_value,9,25.490957981674,1,0.0,3930.796875,3930.796875,True
2026-08-30T17:13:54.987493+00:00,sqlserver,with_indexes,warm,q10_average_order_value,10,25.45454099890776,1,0.0,3930.796875,3930.796875,True
2026-08-30T17:13:55.022588+00:00,sqlserver,with_indexes,warm,q11_orders_by_status,1,15.82258299458772,6,0.0,3930.796875,3930.796875,True
2026-08-30T17:13:55.038519+00:00,sqlserver,with_indexes,warm,q11_orders_by_status,2,15.517749998252839,6,0.0,3930.796875,3930.796875,True
2026-08-30T17:13:55.054181+00:00,sqlserver,with_indexes,warm,q11_orders_by_status,3,15.244000009261072,6,0.0,3930.796875,3930.796875,True
2026-08-30T17:13:55.070151+00:00,sqlserver,with_indexes,warm,q11_orders_by_status,4,15.571625001030043,6,0.0,3930.796875,3930.796875,True
2026-08-30T17:13:55.085832+00:00,sqlserver,with_indexes,warm,q11_orders_by_status,5,15.302417014027014,6,0.0,3930.796875,3930.796875,True
2026-08-30T17:13:55.101748+00:00,sqlserver,with_indexes,warm,q11_orders_by_status,6,15.439834009157494,6,0.0,3930.796875,3930.796875,True
2026-08-30T17:13:55.117425+00:00,sqlserver,with_indexes,warm,q11_orders_by_status,7,15.23641700623557,6,0.0,3930.796875,3930.796875,True
2026-08-30T17:13:55.133158+00:00,sqlserver,with_indexes,warm,q11_orders_by_status,8,15.317416982725263,6,0.0,3930.796875,3930.796875,True
2026-08-30T17:13:55.148785+00:00,sqlserver,with_indexes,warm,q11_orders_by_status,9,15.294999990146607,6,0.0,3930.796875,3930.796875,True
2026-08-30T17:13:55.164200+00:00,sqlserver,with_indexes,warm,q11_orders_by_status,10,15.148582984693348,6,0.0,3930.796875,3930.796875,True
2026-08-30T17:13:55.257685+00:00,sqlserver,with_indexes,warm,q12_top_customers,1,43.003540980862454,20,0.0,3930.796875,3930.796875,True
2026-08-30T17:13:55.300724+00:00,sqlserver,with_indexes,warm,q12_top_customers,2,42.61216599843465,20,0.0,3930.796875,3930.796875,True
2026-08-30T17:13:55.343654+00:00,sqlserver,with_indexes,warm,q12_top_customers,3,42.45841602096334,20,0.0,3930.796875,3930.796875,True
2026-08-30T17:13:55.387160+00:00,sqlserver,with_indexes,warm,q12_top_customers,4,43.019749980885535,20,0.0,3930.796875,3930.796875,True
2026-08-30T17:13:55.430345+00:00,sqlserver,with_indexes,warm,q12_top_customers,5,42.67512500518933,20,0.0,3930.796875,3930.796875,True
2026-08-30T17:13:55.473326+00:00,sqlserver,with_indexes,warm,q12_top_customers,6,42.45070900651626,20,0.0,3930.796875,3930.796875,True
2026-08-30T17:13:55.521305+00:00,sqlserver,with_indexes,warm,q12_top_customers,7,47.483667003689334,20,0.0,3930.796875,3930.796875,True
2026-08-30T17:13:55.566165+00:00,sqlserver,with_indexes,warm,q12_top_customers,8,44.308749987976626,20,0.0,3930.796875,3930.796875,True
2026-08-30T17:13:55.609511+00:00,sqlserver,with_indexes,warm,q12_top_customers,9,42.78308301582001,20,0.0,3930.796875,3930.796875,True
2026-08-30T17:13:55.652476+00:00,sqlserver,with_indexes,warm,q12_top_customers,10,42.42633399553597,20,0.0,3930.796875,3928.834375,True
2026-08-30T17:13:56.502170+00:00,sqlserver,with_indexes,warm,q13_heavy_multi_join,1,395.71766697918065,100,34.17721519061955,3930.03125,3930.0133928571427,True
2026-08-30T17:13:56.907276+00:00,sqlserver,with_indexes,warm,q13_heavy_multi_join,2,404.8176250071265,100,40.740740738611514,3930.015625,3924.241753472222,True
2026-08-30T17:13:57.291728+00:00,sqlserver,with_indexes,warm,q13_heavy_multi_join,3,384.11354197887704,100,29.315960913756676,3921.359375,3921.359375,True
2026-08-30T17:13:57.596696+00:00,sqlserver,with_indexes,warm,q13_heavy_multi_join,4,304.6170409943443,100,34.2857142835421,3921.359375,3921.359375,True
2026-08-30T17:13:57.903380+00:00,sqlserver,with_indexes,warm,q13_heavy_multi_join,5,306.33120800484903,100,33.47107438028456,3922.671875,3922.4542824074074,True
2026-08-30T17:13:58.292838+00:00,sqlserver,with_indexes,warm,q13_heavy_multi_join,6,389.15595901198685,100,29.126213590623596,3922.65625,3922.65625,True
2026-08-30T17:13:58.608938+00:00,sqlserver,with_indexes,warm,q13_heavy_multi_join,7,315.79241700819694,100,38.73517787008674,3922.65625,3922.65625,True
2026-08-30T17:13:58.991750+00:00,sqlserver,with_indexes,warm,q13_heavy_multi_join,8,382.509957998991,100,0.0,3925.4375,3924.9820075757575,True
2026-08-30T17:13:59.298170+00:00,sqlserver,with_indexes,warm,q13_heavy_multi_join,9,306.08104198472574,100,32.116788321447,3925.15625,3925.15625,True
2026-08-30T17:13:59.612049+00:00,sqlserver,with_indexes,warm,q13_heavy_multi_join,10,313.5853749990929,100,33.86454183011931,3925.15625,3925.15625,True
2026-08-30T17:13:59.683075+00:00,sqlserver,with_indexes,warm,q14_insert,1,70.64874999923632,1,7.407407413795076,3926.859375,3926.129464285714,True
2026-08-30T17:13:59.686037+00:00,sqlserver,with_indexes,warm,q14_insert,2,1.565542013850063,1,0.0,3926.859375,3926.859375,True
2026-08-30T17:13:59.688592+00:00,sqlserver,with_indexes,warm,q14_insert,3,1.4729579852428287,1,0.0,3926.859375,3926.859375,True
2026-08-30T17:13:59.691074+00:00,sqlserver,with_indexes,warm,q14_insert,4,1.3513329904526472,1,0.0,3926.859375,3926.859375,True
2026-08-30T17:13:59.693114+00:00,sqlserver,with_indexes,warm,q14_insert,5,1.1285829823464155,1,0.0,3926.859375,3926.859375,True
2026-08-30T17:13:59.695058+00:00,sqlserver,with_indexes,warm,q14_insert,6,1.177375001134351,1,0.0,3926.859375,3926.859375,True
2026-08-30T17:13:59.697358+00:00,sqlserver,with_indexes,warm,q14_insert,7,1.3660000113304704,1,0.0,3926.859375,3926.859375,True
2026-08-30T17:13:59.700193+00:00,sqlserver,with_indexes,warm,q14_insert,8,1.857541996287182,1,0.0,3926.859375,3926.859375,True
2026-08-30T17:13:59.702978+00:00,sqlserver,with_indexes,warm,q14_insert,9,1.5849169867578894,1,0.0,3926.859375,3926.859375,True
2026-08-30T17:13:59.706299+00:00,sqlserver,with_indexes,warm,q14_insert,10,2.059541002381593,1,0.0,3926.859375,3926.859375,True
2026-08-30T17:13:59.715893+00:00,sqlserver,with_indexes,warm,q15_update,1,8.385416003875434,1,0.0,3926.859375,3926.859375,True
2026-08-30T17:13:59.718082+00:00,sqlserver,with_indexes,warm,q15_update,2,1.072417013347149,1,0.0,3926.859375,3926.859375,True
2026-08-30T17:13:59.719852+00:00,sqlserver,with_indexes,warm,q15_update,3,1.0245830053463578,1,0.0,3926.859375,3926.859375,True
2026-08-30T17:13:59.721923+00:00,sqlserver,with_indexes,warm,q15_update,4,1.1698750022333115,1,0.0,3926.859375,3926.859375,True
2026-08-30T17:13:59.723867+00:00,sqlserver,with_indexes,warm,q15_update,5,1.0269160266034305,1,0.0,3926.859375,3926.859375,True
2026-08-30T17:13:59.726148+00:00,sqlserver,with_indexes,warm,q15_update,6,1.07908301288262,1,0.0,3926.859375,3926.859375,True
2026-08-30T17:13:59.727864+00:00,sqlserver,with_indexes,warm,q15_update,7,0.9269159927498549,1,0.0,3926.859375,3926.859375,True
2026-08-30T17:13:59.730037+00:00,sqlserver,with_indexes,warm,q15_update,8,1.3914169976487756,1,0.0,3926.859375,3926.859375,True
2026-08-30T17:13:59.731795+00:00,sqlserver,with_indexes,warm,q15_update,9,0.9898749995045364,1,0.0,3926.859375,3926.859375,True
2026-08-30T17:13:59.733748+00:00,sqlserver,with_indexes,warm,q15_update,10,1.0752080124802887,1,0.0,3926.859375,3926.859375,True
2026-08-30T17:13:59.741187+00:00,sqlserver,with_indexes,warm,q16_delete,1,5.1585829933173954,1,0.0,3926.859375,3926.859375,True
2026-08-30T17:13:59.744556+00:00,sqlserver,with_indexes,warm,q16_delete,2,1.0654999932739884,1,0.0,3926.859375,3926.859375,True
2026-08-30T17:13:59.747532+00:00,sqlserver,with_indexes,warm,q16_delete,3,0.9934590198099613,1,0.0,3926.859375,3926.859375,True
2026-08-30T17:13:59.750434+00:00,sqlserver,with_indexes,warm,q16_delete,4,0.9956670110113919,1,0.0,3926.859375,3926.859375,True
2026-08-30T17:13:59.753433+00:00,sqlserver,with_indexes,warm,q16_delete,5,1.0560829832684249,1,0.0,3926.859375,3926.859375,True
2026-08-30T17:13:59.756276+00:00,sqlserver,with_indexes,warm,q16_delete,6,0.9667920239735395,1,0.0,3926.859375,3926.859375,True
2026-08-30T17:13:59.759129+00:00,sqlserver,with_indexes,warm,q16_delete,7,0.9813749929890037,1,0.0,3926.859375,3926.859375,True
2026-08-30T17:13:59.761914+00:00,sqlserver,with_indexes,warm,q16_delete,8,0.9765829890966415,1,0.0,3926.859375,3926.859375,True
2026-08-30T17:13:59.765513+00:00,sqlserver,with_indexes,warm,q16_delete,9,1.8647079996298999,1,0.0,3926.859375,3926.859375,True
2026-08-30T17:13:59.768832+00:00,sqlserver,with_indexes,warm,q16_delete,10,1.160832995083183,1,0.0,3926.859375,3926.859375,True
